{
  "mcd_flat_vs_ref": 12.134498718628349,
  "mcd_warped_vs_ref": 7.073880700088991,
  "delta_mcd": -5.060618018539357,
  "cos_flat_to_ref": 0.7363235354423523,
  "cos_warped_to_ref": 0.5654895901679993
}