{
  "mcd_before": 11.779695714013213,
  "mcd_after": 11.259878425523592,
  "delta_dB": -0.5198172884896213
}