{
  "self_probe": 0.0,
  "parallel_probe_vs_xtts": 13.068894695611485,
  "flat60_vs_prof60": 11.42731735270426,
  "cloned60_vs_prof60": 9.362848695371751,
  "flat60_vs_ref60": 12.134498718628349,
  "cloned60_vs_ref60": 7.073880700088991
}